test,group,message,wall_time,ollama_total,load,prompt_eval,eval,tool,arguments,needs_clarification,clarification_question,route_correct,validation_errors,error
1,Stable knowledge,Что такое рекурсия?,15.228,15.216,2.593,12.0,0.605,,{},False,,True,,
2,Stable knowledge,Как работает рекурсия?,0.748,0.747,0.002,0.121,0.605,,{},False,,True,,
3,Stable knowledge,Объясни рекурсию.,0.85,0.849,0.002,0.12,0.705,,{},False,,True,,
4,Stable knowledge,Что такое TCP?,0.745,0.745,0.002,0.12,0.605,,{},False,,True,,
5,Stable knowledge,Как работает TCP?,0.744,0.742,0.002,0.119,0.604,,{},False,,True,,
6,Stable knowledge,Объясни TCP.,0.746,0.746,0.002,0.119,0.603,,{},False,,True,,
7,Stable knowledge,Что такое указатель в C++?,0.744,0.742,0.002,0.121,0.604,,{},False,,True,,
8,Stable knowledge,Как работает указатель в C++?,0.746,0.745,0.002,0.12,0.606,,{},False,,True,,
9,Stable knowledge,Что такое Python?,0.747,0.746,0.001,0.12,0.608,,{},False,,True,,
10,Stable knowledge,Как работает сборщик мусора?,1.048,1.047,0.002,0.12,0.91,web_search,{'query': 'How garbage collection works'},False,,False,"tool: expected None, got 'web_search' | arguments: expected {}, got {'query': 'How garbage collection works'}",
11,Stable knowledge,Что такое HTTP?,1.007,1.006,0.002,0.12,0.868,web_search,{'query': 'HTTP'},False,,False,"tool: expected None, got 'web_search' | arguments: expected {}, got {'query': 'HTTP'}",
12,Stable knowledge,Как работает HTTP?,1.072,1.071,0.002,0.122,0.929,web_search,{'query': 'Как работает HTTP'},False,,False,"tool: expected None, got 'web_search' | arguments: expected {}, got {'query': 'Как работает HTTP'}",
13,Current information,Какая сейчас последняя версия Python?,1.064,1.064,0.002,0.122,0.922,web_search,{'query': 'latest version of Python'},False,,True,,
14,Current information,Какая последняя версия Python?,1.056,1.055,0.002,0.121,0.916,web_search,{'query': 'latest version of Python'},False,,True,,
15,Current information,Какая сейчас версия Flutter?,1.038,1.037,0.001,0.122,0.895,web_search,{'query': 'Flutter latest version'},False,,True,,
16,Current information,Какая последняя версия Flutter?,1.035,1.035,0.002,0.122,0.895,web_search,{'query': 'latest Flutter version'},False,,True,,
17,Current information,Какая сейчас версия ESP-IDF?,1.08,1.078,0.002,0.123,0.938,web_search,{'query': 'now ESP-IDF version'},False,,True,,
18,Current information,Какая последняя версия ESP-IDF?,1.077,1.076,0.001,0.122,0.936,web_search,{'query': 'latest ESP-IDF version'},False,,True,,
19,Current information,Какая сейчас версия Ubuntu?,1.037,1.036,0.002,0.122,0.898,web_search,{'query': 'Ubuntu latest version'},False,,True,,
20,Current information,Какая последняя версия Ubuntu?,1.046,1.046,0.002,0.121,0.903,web_search,{'query': 'latest Ubuntu version'},False,,True,,
21,Current information,Какая сейчас версия Android?,1.057,1.056,0.001,0.122,0.917,web_search,{'query': 'current version of Android'},False,,True,,
22,Current information,Какая последняя версия Android?,1.066,1.065,0.005,0.122,0.917,web_search,{'query': 'latest version of Android'},False,,True,,
23,Current vs stable,Как работает Python?,0.689,0.688,0.002,0.059,0.613,,{},False,,True,,
24,Current vs stable,Как работает Flutter?,0.687,0.686,0.002,0.055,0.613,,{},False,,True,,
25,Current vs stable,Как работает ESP-IDF?,1.098,1.098,0.002,0.121,0.958,web_search,{'query': 'ESP-IDF how it works'},False,,False,"tool: expected None, got 'web_search' | arguments: expected {}, got {'query': 'ESP-IDF how it works'}",
26,Current vs stable,Как работает TCP?,0.689,0.688,0.002,0.054,0.613,,{},False,,True,,
27,Current vs stable,Как работает Git?,0.683,0.682,0.002,0.054,0.613,,{},False,,True,,
28,Current vs stable,Что такое Python?,0.756,0.755,0.002,0.12,0.614,,{},False,,True,,
29,Current vs stable,Что такое Flutter?,0.689,0.687,0.002,0.055,0.615,,{},False,,True,,
30,Current vs stable,Что такое ESP-IDF?,1.055,1.054,0.003,0.121,0.914,web_search,{'query': 'ESP-IDF'},False,,False,"tool: expected None, got 'web_search' | arguments: expected {}, got {'query': 'ESP-IDF'}",
31,Current vs stable,Что такое функция?,0.692,0.691,0.002,0.058,0.614,,{},False,,True,,
32,Current vs stable,Что такое стек вызовов?,0.754,0.753,0.002,0.121,0.614,,{},False,,True,,
33,Current vs stable,Что такое указатель?,0.694,0.693,0.002,0.058,0.615,,{},False,,True,,
34,Current vs stable,Что такое ссылка в C++?,0.773,0.772,0.002,0.136,0.618,,{},False,,True,,
35,Current vs stable,Что такое процесс?,0.702,0.701,0.013,0.054,0.615,,{},False,,True,,
36,Current vs stable,Что такое поток?,0.692,0.691,0.001,0.059,0.615,,{},False,,True,,
37,Current vs stable,Как работает сборщик мусора?,1.065,1.064,0.002,0.121,0.922,web_search,{'query': 'How garbage collection works'},False,,False,"tool: expected None, got 'web_search' | arguments: expected {}, got {'query': 'How garbage collection works'}",
38,Current vs stable,Как работает Git?,0.686,0.686,0.001,0.054,0.613,,{},False,,True,,
39,Current vs stable,Как работает TCP?,0.687,0.686,0.001,0.055,0.615,,{},False,,True,,
40,Current vs stable,Как работает HTTP?,0.996,0.995,0.001,0.054,0.921,web_search,{'query': 'Как работает HTTP'},False,,False,"tool: expected None, got 'web_search' | arguments: expected {}, got {'query': 'Как работает HTTP'}",
41,Current vs stable,Какая сейчас рекомендуемая версия Python?,1.066,1.065,0.002,0.122,0.923,web_search,{'query': 'latest version of Python'},False,,True,,
42,Current vs stable,Какая сейчас рекомендуемая версия Flutter?,0.972,0.971,0.002,0.055,0.899,web_search,{'query': 'latest Flutter version'},False,,True,,
43,Current vs stable,Какая сейчас рекомендуемая версия ESP-IDF?,1.081,1.08,0.001,0.121,0.941,web_search,{'query': 'latest ESP-IDF version'},False,,True,,
44,Current vs stable,Какая сейчас версия Git?,1.125,1.124,0.003,0.122,0.982,web_search,{'query': 'What is the current version of Git?'},False,,True,,
45,Explicit web search,Поищи информацию о Python.,1.005,1.004,0.002,0.122,0.859,web_search,{'query': 'Python'},False,,True,,
46,Explicit web search,Поищи информацию о Flutter.,0.734,0.733,0.002,0.054,0.657,,,,,False,,ValueError: web_search requires a non-empty string query.
47,Explicit web search,Поищи информацию об ESP-IDF.,1.043,1.042,0.001,0.121,0.904,web_search,{'query': 'ESP-IDF'},False,,True,,
48,Explicit web search,Поищи информацию о C++.,0.97,0.969,0.002,0.059,0.886,web_search,{'query': 'C++'},False,,True,,
49,Explicit web search,Поищи информацию о TCP.,0.934,0.933,0.002,0.055,0.861,web_search,{'query': 'TCP'},False,,True,,
50,Explicit web search,Поищи информацию о рекурсии.,1.041,1.04,0.001,0.121,0.901,web_search,{'query': 'what is recursion'},False,,True,,
51,Explicit web search,Найди документацию Python.,1.026,1.025,0.002,0.122,0.884,web_search,{'query': 'Python documentation'},False,,True,,
52,Explicit web search,Найди документацию Flutter.,0.956,0.955,0.001,0.056,0.882,web_search,{'query': 'Flutter documentation'},False,,True,,
53,Explicit web search,Найди документацию ESP-IDF.,1.07,1.069,0.001,0.121,0.929,web_search,{'query': 'ESP-IDF documentation'},False,,True,,
54,Explicit web search,Найди информацию об указателях в C++.,1.084,1.083,0.002,0.122,0.942,web_search,{'query': 'pointers in C++'},False,,True,,
55,Specific web page,Что написано на https://example.com?,1.07,1.069,0.002,0.123,0.928,web_page_read,{'url': 'https://example.com'},False,,True,,
56,Specific web page,Прочитай https://example.com,1.072,1.071,0.002,0.123,0.929,web_page_read,{'url': 'https://example.com'},False,,True,,
57,Specific web page,Что находится на странице https://example.com?,1.067,1.067,0.002,0.122,0.924,web_page_read,{'url': 'https://example.com'},False,,True,,
58,Specific web page,"Расскажи, о чём страница https://example.com",1.126,1.125,0.002,0.178,0.926,web_page_read,{'url': 'https://example.com'},False,,True,,
59,Specific web page,Проверь содержимое https://example.com,1.065,1.065,0.001,0.123,0.926,web_page_read,{'url': 'https://example.com'},False,,True,,
60,Specific web page,Что говорит https://example.com?,1.073,1.071,0.003,0.123,0.932,web_page_read,{'url': 'https://example.com'},False,,True,,
61,Current date and time,Который сейчас час?,1.081,1.08,0.002,0.122,0.939,get_datetime,"{'city': 'Krasnoyarsk', 'country_code': 'RU'}",False,,True,,
62,Current date and time,Сколько сейчас времени?,1.259,1.259,0.002,0.122,1.118,get_datetime,"{'city': 'Krasnoyarsk', 'country_code': 'RU'}",False,,True,,
63,Current date and time,Какая сейчас дата?,1.258,1.257,0.002,0.123,1.114,get_datetime,"{'city': 'Krasnoyarsk', 'country_code': 'RU'}",False,,True,,
64,Current date and time,Какое сегодня число?,1.257,1.256,0.001,0.122,1.115,get_datetime,"{'city': 'Krasnoyarsk', 'country_code': 'RU'}",False,,True,,
65,Current date and time,Какой сегодня день недели?,1.26,1.259,0.001,0.121,1.116,get_datetime,"{'city': 'Krasnoyarsk', 'country_code': 'RU'}",False,,True,,
66,Current date and time,Какая сейчас дата и время?,1.272,1.271,0.002,0.123,1.132,get_datetime,"{'city': 'Krasnoyarsk', 'country_code': 'RU'}",False,,True,,
67,Current date and time,Что сейчас за дата?,1.267,1.266,0.003,0.122,1.123,get_datetime,"{'city': 'Krasnoyarsk', 'country_code': 'RU'}",False,,True,,
68,Current date and time,Сколько сейчас времени в Лондоне?,1.15,1.149,0.001,0.123,1.01,get_datetime,"{'city': 'London', 'country_code': 'GB'}",False,,False,"arguments: expected {'city': 'London'}, got {'city': 'London', 'country_code': 'GB'}",
69,Current date and time,Который сейчас час в Лондоне?,1.15,1.149,0.002,0.123,1.009,get_datetime,"{'city': 'London', 'country_code': 'GB'}",False,,False,"arguments: expected {'city': 'London'}, got {'city': 'London', 'country_code': 'GB'}",
70,Current date and time,Какая сейчас дата в Лондоне?,1.151,1.15,0.002,0.123,1.009,get_datetime,"{'city': 'London', 'country_code': 'GB'}",False,,False,"arguments: expected {'city': 'London'}, got {'city': 'London', 'country_code': 'GB'}",
71,Current date and time,Какой сегодня день недели в Лондоне?,1.147,1.146,0.001,0.123,1.007,get_datetime,"{'city': 'London', 'country_code': 'GB'}",False,,False,"arguments: expected {'city': 'London'}, got {'city': 'London', 'country_code': 'GB'}",
72,Current date and time,Сколько сейчас времени в Токио?,1.0,0.999,0.002,0.123,0.861,get_datetime,"{'city': 'Tokyo', 'country_code': 'RU'}",False,,False,"arguments: expected {'city': 'Tokyo'}, got {'city': 'Tokyo', 'country_code': 'RU'}",
73,Current date and time,Какая сейчас дата в Токио?,1.024,1.023,0.001,0.123,0.883,get_datetime,"{'city': 'Tokyo', 'country_code': 'RU'}",False,,False,"arguments: expected {'city': 'Tokyo'}, got {'city': 'Tokyo', 'country_code': 'RU'}",
74,Current date and time,Какой сегодня день недели в Токио?,1.166,1.166,0.001,0.123,1.028,get_datetime,"{'city': 'Tokyo', 'country_code': 'JP'}",False,,False,"arguments: expected {'city': 'Tokyo'}, got {'city': 'Tokyo', 'country_code': 'JP'}",
75,Current date and time,"Сколько сейчас времени в Лондоне, Великобритания?",1.207,1.205,0.002,0.18,1.009,get_datetime,"{'city': 'London', 'country_code': 'GB'}",False,,True,,
76,Current date and time,"Сколько сейчас времени в Токио, Япония?",1.188,1.185,0.002,0.122,1.044,get_datetime,"{'city': 'Tokyo', 'country_code': 'JP'}",False,,True,,
77,Personal and conversational,Какой у тебя любимый цвет?,0.754,0.754,0.002,0.122,0.614,,{},False,,True,,
78,Personal and conversational,Какой цвет тебе нравится?,0.752,0.751,0.002,0.121,0.613,,{},False,,True,,
79,Personal and conversational,Какой цвет ты любишь?,0.749,0.748,0.002,0.121,0.613,,{},False,,True,,
80,Personal and conversational,Что ты любишь?,0.753,0.753,0.002,0.122,0.614,,{},False,,True,,
81,Personal and conversational,Как дела?,0.686,0.685,0.002,0.058,0.612,,{},False,,True,,
82,Personal and conversational,Чем ты сейчас занимаешься?,0.753,0.752,0.001,0.121,0.614,,{},False,,True,,
83,Personal and conversational,Ты любишь музыку?,0.751,0.75,0.002,0.122,0.613,,{},False,,True,,
84,Personal and conversational,Расскажи о себе.,0.757,0.756,0.003,0.122,0.615,,{},False,,True,,
85,Personal and conversational,Какие у тебя интересы?,0.757,0.756,0.002,0.122,0.615,,{},False,,True,,
86,Personal and conversational,Что тебе нравится?,0.751,0.75,0.001,0.122,0.613,,{},False,,True,,
87,Stable programming,Что такое класс в C++?,0.765,0.764,0.002,0.135,0.614,,{},False,,True,,
88,Stable programming,Что такое объект в C++?,0.752,0.751,0.002,0.121,0.613,,{},False,,True,,
89,Stable programming,Что такое указатель?,0.687,0.686,0.001,0.058,0.612,,{},False,,True,,
90,Stable programming,Что такое ссылка в C++?,0.765,0.764,0.001,0.133,0.614,,{},False,,True,,
91,Stable programming,Чем указатель отличается от ссылки?,0.75,0.75,0.001,0.122,0.613,,{},False,,True,,
92,Stable programming,Что такое функция?,0.753,0.752,0.001,0.121,0.613,,{},False,,True,,
93,Stable programming,Что такое рекурсия?,0.753,0.752,0.001,0.121,0.615,,{},False,,True,,
94,Stable programming,Что такое стек вызовов?,0.755,0.754,0.002,0.121,0.614,,{},False,,True,,
95,Stable programming,Что такое процесс?,0.685,0.684,0.001,0.054,0.613,,{},False,,True,,
96,Stable programming,Чем процесс отличается от потока?,0.752,0.751,0.002,0.122,0.613,,{},False,,True,,
97,Current programming information,Какая сейчас версия C++?,1.137,1.136,0.001,0.122,1.0,web_search,{'query': 'What is the current version of C++?'},False,,True,,
98,Current programming information,Какая последняя версия C++?,1.078,1.078,0.002,0.122,0.939,web_search,{'query': 'latest version of C++'},False,,True,,
99,Current programming information,Какая сейчас версия GCC?,1.037,1.036,0.002,0.122,0.896,web_search,{'query': 'gcc current version'},False,,True,,
100,Current programming information,Какая последняя версия GCC?,1.036,1.035,0.002,0.122,0.896,web_search,{'query': 'latest GCC version'},False,,True,,
101,Current programming information,Какая сейчас версия Clang?,1.059,1.058,0.002,0.122,0.92,web_search,{'query': 'Clang current version'},False,,True,,
102,Current programming information,Какая последняя версия Clang?,1.082,1.081,0.002,0.122,0.94,web_search,{'query': 'latest version of Clang'},False,,True,,
103,Current programming information,Какая сейчас версия Git?,1.119,1.119,0.002,0.121,0.98,web_search,{'query': 'What is the current version of Git?'},False,,True,,
104,Current programming information,Какая последняя версия Git?,1.054,1.053,0.001,0.122,0.916,web_search,{'query': 'latest version of Git'},False,,True,,
105,Search wording without explicit web mention,Узнай последнюю версию Python.,1.06,1.059,0.002,0.122,0.919,web_search,{'query': 'latest version of Python'},False,,True,,
106,Search wording without explicit web mention,Узнай текущую версию Flutter.,1.033,1.032,0.002,0.122,0.896,web_search,{'query': 'Flutter current version'},False,,True,,
107,Search wording without explicit web mention,Узнай текущую версию ESP-IDF.,1.095,1.095,0.002,0.121,0.958,web_search,{'query': 'current version of ESP-IDF'},False,,True,,
108,Search wording without explicit web mention,"Узнай, сколько сейчас стоит доллар.",1.06,1.059,0.001,0.122,0.92,web_search,{'query': 'current price of dollar'},False,,True,,
109,Search wording without explicit web mention,Узнай последние изменения в Python.,1.054,1.054,0.002,0.121,0.916,web_search,{'query': 'latest changes in Python'},False,,True,,
110,Location-specific web search,Проверь погоду на завтра.,1.019,1.018,0.001,0.122,0.878,web_search,{'query': 'weather tomorrow'},False,,False,web_search query does not contain expected value 'Krasnoyarsk': 'weather tomorrow',
111,Location-specific web search,Какая погода сегодня?,1.015,1.014,0.001,0.123,0.875,web_search,{'query': 'weather today'},False,,False,web_search query does not contain expected value 'Krasnoyarsk': 'weather today',
112,Location-specific web search,Будет ли завтра дождь?,1.166,1.166,0.001,0.122,1.027,web_search,{'query': 'weather tomorrow in Krasnoyarsk RU'},False,,True,,
113,Location-specific web search,Какая температура сейчас?,0.752,0.751,0.002,0.122,0.614,,{},False,,False,"tool: expected 'web_search', got None | web_search query must be a string",
114,Location-specific web search,Какая погода завтра в Лондоне?,1.038,1.038,0.001,0.123,0.899,web_search,{'query': 'London weather tomorrow'},False,,False,web_search query does not contain expected value 'Лондон': 'London weather tomorrow',
115,Location-specific web search,Будет ли завтра дождь в Токио?,1.161,1.16,0.002,0.178,0.964,web_search,{'query': 'Токио погода завтра'},False,,True,,
116,Location-specific web search,Какая температура сейчас в Лондоне?,1.042,1.041,0.002,0.123,0.901,web_search,{'query': 'London weather now'},False,,False,web_search query does not contain expected value 'Лондон': 'London weather now',
117,Potentially ambiguous,Расскажи про Python.,0.752,0.751,0.001,0.122,0.615,,{},False,,True,,
118,Potentially ambiguous,Расскажи про Flutter.,0.685,0.685,0.002,0.054,0.614,,{},False,,True,,
119,Potentially ambiguous,Что нового в Python?,1.14,1.139,0.001,0.122,1.001,web_search,{'query': 'What’s new in Python'},False,,True,,
120,Potentially ambiguous,Что нового в Flutter?,0.97,0.969,0.002,0.054,0.898,web_search,{'query': 'Flutter latest news'},False,,True,,
121,Potentially ambiguous,Что сейчас происходит с Python?,1.098,1.098,0.001,0.123,0.959,web_search,{'query': 'What is happening with Python now'},False,,True,,
122,Potentially ambiguous,Что сейчас происходит с Flutter?,0.982,0.982,0.002,0.055,0.912,web_search,{'query': 'Flutter latest news'},False,,True,,
123,Potentially ambiguous,Что нового в ESP-IDF?,1.069,1.069,0.001,0.122,0.926,web_search,{'query': 'ESP-IDF latest release'},False,,True,,
124,Potentially ambiguous,Расскажи про ESP32.,0.754,0.753,0.002,0.123,0.615,,{},False,,True,,
125,Clarification,Узнай расписание на сегодня.,0.896,0.895,0.002,0.121,0.758,,{},True,Узнай расписание на сегодня.,True,,
126,Clarification,"Проверь, доступен ли сейчас этот сервис.",0.809,0.809,0.001,0.178,0.615,,{},False,,False,"needs_clarification: expected True, got False",
127,Clarification,"Проверь, сколько стоит.",0.728,0.727,0.001,0.058,0.655,,,,,False,,ValueError: web_search requires a non-empty string query.
128,Clarification,Узнай последние новости.,0.798,0.798,0.001,0.122,0.657,,,,,False,,ValueError: web_search requires a non-empty string query.
129,Resolved external requests,Проверь погоду на завтра в Лондоне.,1.112,1.112,0.002,0.177,0.918,web_search,{'query': 'weather tomorrow in London'},False,,False,web_search query does not contain expected value 'Лондон': 'weather tomorrow in London',
130,Resolved external requests,Проверь погоду на завтра в Токио.,1.107,1.106,0.002,0.122,0.966,web_search,{'query': 'Токио погода завтра'},False,,True,,
131,Resolved external requests,"Проверь, доступен ли сейчас GitHub.",0.796,0.795,0.001,0.122,0.655,,,,,False,,ValueError: web_search requires a non-empty string query.
132,Resolved external requests,Поищи информацию о рекурсии.,1.038,1.037,0.001,0.123,0.898,web_search,{'query': 'what is recursion'},False,,True,,
133,Resolved external requests,Поищи информацию о TCP.,0.927,0.926,0.001,0.055,0.855,web_search,{'query': 'TCP'},False,,True,,
134,Resolved external requests,Найди документацию Python.,1.017,1.016,0.001,0.122,0.879,web_search,{'query': 'Python documentation'},False,,True,,
135,Resolved external requests,"Поищи, что такое указатели в C++.",1.12,1.119,0.001,0.124,0.979,web_search,{'query': 'What is a pointer in C++?'},False,,True,,
136,Resolved external requests,"Узнай, сколько сейчас стоит доллар.",1.056,1.055,0.001,0.123,0.916,web_search,{'query': 'current price of dollar'},False,,True,,
